LAT,LON
32.325436,-64.764404
32.325436,-64.764404
32.325436,-64.764404
29.976052,122.390356
46.478536,30.758714
46.478536,30.758714
42.249915,-87.82711
62.140088,6.074967
42.197494,44.693069
-0.400997,-90.704498
40.807694,-73.962262
-0.292509,-90.532493
46.006873,7.279987
46.21488,7.049309
46.080783,7.399454
46.167286,7.099698
46.167286,7.099698
51.501821,-0.140655
45.999982,7.298584
46.08035,7.209918
40.820751,-73.94892
43.642423,-79.387153
43.642423,-79.387153
43.642423,-79.387153
43.085294,-79.079509
40.711492,-74.01206
48.214093,16.935553
51.195697,-2.27992
51.195697,-2.27992
-16.663606,145.563537
-1.382083,-78.432769
-33.861328,151.209039
-33.861328,151.209039
-0.967437,-77.763977
-33.861328,151.209039
-33.861328,151.209039
-33.861328,151.209039
-36.843876,174.7654
47.913695,106.833114
39.948972,-75.150008
51.508168,-0.076035
51.508168,-0.076035
46.547586,-87.378902
51.210297,-2.643113
40.763169,-73.945257
43.345154,11.293945
43.345154,11.293945
19.633291,-155.98991
19.782928,-156.036463
48.858842,2.329101
-0.331476,36.074466
52.506442,13.337682
41.935064,-74.018674
41.933021,-74.019286
50.252912,19.025573
50.260814,18.846359
50.260814,18.846359
43.676314,-92.963894
43.137069,131.929321
43.137069,131.929321
52.045734,113.411865
52.32191,104.227294
51.733832,39.25415
59.929043,30.313854
43.137069,131.929321
59.929043,30.313854
59.929043,30.313854
59.929043,30.313854
51.733832,39.25415
50.656425,27.160949
54.788017,55.964355
34.902638,132.0891
60.389391,5.330429
60.389391,5.330429
64.139968,-21.918754
13.732881,100.503273
14.021187,99.527893
13.732881,100.503273
13.732881,100.503273
41.17567,-73.101063
41.17567,-73.101063
13.735383,100.500183
16.056371,103.646392
16.056371,103.646392
16.056371,103.646392
17.400605,104.779701
43.54693,10.312557
32.759562,-117.180175
32.759562,-117.180175
32.759562,-117.180175
32.759562,-117.180175
12.917568,104.58847
12.683549,101.272659
12.917568,104.58847
13.735383,100.500183
12.917568,104.58847
13.372585,103.856849
21.331284,-157.920624
38.035171,-97.92862
40.742713,-74.006448
40.719615,-73.953469
13.735383,100.500183
37.716107,-97.410605
13.372585,103.856849
40.743066,-74.00691
40.739303,-74.0072
40.739303,-74.0072
13.372585,103.856849
43.510308,16.440095
13.372585,103.856849
13.372585,103.856849
41.100957,28.999614
13.372585,103.856849
41.100957,28.999614
-13.311708,48.115938
13.735383,100.500183
13.735383,100.500183
13.735383,100.500183
13.735383,100.500183
58.208677,-6.391725
58.20312,-6.379559
-13.313244,48.154502
58.20312,-6.379559
-13.31325,48.154488
13.426188,103.85848
13.372585,103.856849
13.819994,104.714298
13.819994,104.714298
13.819994,104.714298
13.372585,103.856849
13.372585,103.856849
11.824005,104.744682
11.580858,104.921321
13.743908,100.488917
13.743908,100.488917
-13.400983,48.270638
-13.313916,48.153652
-13.313369,48.154238
-13.316188,48.151458
-13.313252,48.154486
43.137069,131.929321
10.591433,103.764495
37.331948,136.785278
35.416684,-95.714607
36.087118,136.221542
51.506605,-0.081367
55.856997,-4.263124
51.597827,-0.238491
45.001269,-93.273346
43.480577,-72.386426
43.137445,-72.500581
44.540262,-72.524313
42.762137,-72.513799
42.762137,-72.513799
44.57578,-72.295816
42.929907,-72.578473
44.723076,-73.294
42.889674,-72.952909
43.147591,-73.199415
43.963538,-73.207998
44.421704,-72.850384
43.891459,-72.490625
40.721664,-74.038297
-24.74995,25.7944
-24.74995,25.7944
40.418993,-3.6922
39.397726,-76.597608
40.416453,-3.700203
39.397726,-76.597608
41.940507,-87.640589
40.765071,-111.842365
10.784407,106.680679
10.784407,106.680679
10.784407,106.680679
10.784407,106.680679
10.784407,106.680679
10.784407,106.680679
39.051451,-94.480361
13.735383,100.500183
13.735383,100.500183
13.735383,100.500183
13.735383,100.500183
13.735383,100.500183
41.947553,-72.691576
41.947553,-72.691576
44.499489,11.34392
51.494797,-0.195007
51.499473,-0.119862
51.499473,-0.119862
51.499473,-0.119862
51.494583,-0.202045
51.494583,-0.202045
41.962066,-72.745124
45.49075,10.607771
47.459897,8.549766
13.735383,100.500183
42.346571,-71.097228
45.442037,10.998301
45.434068,12.34079
45.440621,12.321445
45.440621,12.321445
45.456465,12.356743
45.435133,12.336788
31.23394,121.462097
31.23394,121.462097
40.17743,44.517974
37.962403,27.365226
31.23394,121.462097
42.661799,44.637279
41.273678,44.590759
40.206213,-8.419003
41.520317,-71.443115
37.97443,23.732013
37.090924,25.370521
37.090924,25.370521
41.490983,-71.315447
37.97443,23.732013
37.090924,25.370521
37.090924,25.370521
39.44819,-106.467432
37.090924,25.370521
46.539026,12.138133
46.489351,9.840649
-33.927551,151.254272
13.735383,100.500183
46.195517,9.450473
45.468121,9.19532
41.484393,-71.314954
42.205983,-71.328049
45.467,9.189891
45.917362,9.153327
45.858575,9.116592
45.464758,9.189934
26.057708,119.279766
26.062334,119.267406
13.420845,103.871097
-14.83886,-74.945983
13.749806,100.493659
40.17743,44.517974
47.052295,8.30812
47.052295,8.30812
32.661673,51.678067
46.219128,6.107196
-33.927551,151.254272
50.279906,8.52539
62.147036,6.062039
37.7718,-122.454986
-33.870344,151.225433
-33.870344,151.225433
-33.899201,151.191015
41.469381,-71.297648
13.735383,100.500183
1.286665,103.838653
1.286665,103.838653
1.286665,103.838653
1.286665,103.838653
1.286665,103.838653
1.286665,103.838653
1.286665,103.838653
1.286665,103.838653
1.286665,103.838653
1.286665,103.838653
25.316097,83.017673
37.933637,58.425636
10.573547,103.553009
13.372585,103.856849
37.950018,58.372936
10.573547,103.553009
58.20312,-6.379559
10.573547,103.553009
10.573547,103.553009
10.573547,103.553009
10.573547,103.553009
37.668976,62.184934
10.573547,103.553009
10.573547,103.553009
31.622909,-8.001823
37.668976,62.184934
41.470025,-71.29856
41.304021,-72.91782
47.543033,-121.837702
11.580858,104.921321
11.580858,104.921321
46.781908,-121.762322
11.580858,104.921321
47.604774,-122.340037
47.61166,-122.421855
11.554707,104.904499
47.57882,-122.41295
33.590742,56.911754
36.744248,-5.17044
37.17403,-3.599824
37.176526,-3.586564
47.074973,12.936401
36.717833,-4.42646
36.766323,-4.418907
36.772648,-4.418735
36.906117,-4.761543
36.717833,-4.42646
36.717833,-4.42646
39.45099,-76.587817
39.45099,-76.587817
11.580858,104.921321
11.580858,104.921321
22.254068,114.133272
11.580858,104.921321
-37.513266,145.75407
-37.509044,145.74583
18.815723,99.022178
18.809792,98.856525
19.975607,102.246665
8.289297,98.474578
8.395195,98.453807
8.289297,98.474578
47.052054,12.961978
6.079363,116.588973
6.079363,116.588973
48.295871,4.071636
48.862964,2.390727
48.402197,2.684268
22.319539,114.169996
44.9805,-93.254833
40.488215,45.032272
-2.166697,34.139313
40.771636,-73.973693
51.6825,-1.786333
51.680333,-1.781166
41.01912,28.9891
41.01912,28.9891
51.6825,-1.786333
49.299123,-123.120861
48.421155,-123.369963
49.014624,-125.661964
41.01912,28.9891
41.01912,28.9891
41.01912,28.9891
35.13751,-120.643551
33.344116,-118.328204
33.344116,-118.328204
33.344116,-118.328204
59.916168,10.737628
40.764677,-73.97365
58.20312,-6.379559
58.313501,-6.739253
43.539962,5.632724
43.52926,5.448789
22.231904,31.440124
24.079536,32.879676
25.715554,32.657375
30.050447,31.235675
25.697225,32.637462
37.059286,15.293301
25.715554,32.657375
25.697225,32.637462
30.050447,31.235675
25.710759,32.63832
25.754135,32.619781
-3.349213,36.687213
-5.953541,38.796152
40.372182,49.834842
22.309157,114.244068
41.87691,-87.627553
48.861326,2.346954
38.461519,-82.645082
41.823005,-72.443321
43.036713,-88.241887
43.036713,-88.241887
48.854875,2.347383
23.163956,-81.232738
48.854875,2.347383
43.082712,-79.073882
45.499052,-73.552093
-13.529938,-71.952724
53.127204,-3.98735
38.461519,-82.645082
-34.620424,-58.369674
-34.620424,-58.369674
-50.396481,-73.031272
-50.396481,-73.031272
-50.396481,-73.031272
-50.396481,-73.031272
37.445255,-122.162904
37.445255,-122.162904
50.622404,-2.275586
40.706148,17.33591
-42.504502,-63.619937
-41.144535,-71.304702
-41.144535,-71.304702
-41.144535,-71.304702
41.890361,12.490167
-32.897533,-68.833808
42.490857,-96.416632
42.307252,-96.320722
40.786195,17.236969
41.010135,-96.303019
56.528536,-6.784744
37.323826,26.542775
34.691944,135.466918
34.691944,135.466918
-32.897533,-68.833808
56.413569,-5.443983
-32.897533,-68.833808
-32.897533,-68.833808
41.893205,12.485167
-31.397897,-64.182472
-25.277996,-65.476112
-33.639847,-69.875621
-33.639847,-69.875621
-31.397897,-64.182472
-31.397897,-64.182472
-24.787124,-65.414314
-24.787124,-65.414314
-20.457333,-66.913604
-33.870344,151.225433
-20.457333,-66.913604
47.50375,19.058532
47.50375,19.058532
47.50375,19.058532
47.50375,19.058532
47.50375,19.058532
47.50375,19.058532
47.50375,19.058532
56.338046,-6.389579
-20.457333,-66.913604
-20.457333,-66.913604
56.412977,-5.471329
37.97136,23.727797
41.883333,-87.6278
56.952932,-7.483749
41.482605,-73.137016
41.482605,-73.137016
52.372536,4.89195
18.469468,-66.119842
37.377898,-122.117757
38.881896,-77.041046
38.887984,-77.048041
36.412303,25.42983
39.145671,8.307573
41.948702,-87.655727
41.948702,-87.655727
28.41048,-16.55688
28.41176,-16.5357
39.497616,33.253641
50.840595,4.3932
37.809783,-122.279205
37.809783,-122.279205
50.837302,4.350435
38.077495,-97.92906
35.914309,-79.049334
48.854846,2.316248
34.040098,-118.270343
48.852863,2.339122
48.855334,2.315862
51.480941,-3.182559
39.946364,-87.059569
48.844775,2.352393
-28.652783,20.446243
-28.674172,20.527095
15.86893,-61.57543
48.859929,2.326183
48.854035,2.333655
45.595542,25.552825
49.035617,104.066791
48.855743,2.287843
55.749723,37.624998
48.861835,2.318345
48.862195,2.317262
43.89715,-69.518051
-20.457333,-66.913604
-20.457333,-66.913604
44.302038,9.211682
-25.692894,-54.446353
-25.692894,-54.446353
-25.692894,-54.446353
-25.692894,-54.446353
-25.692894,-54.446353
48.859294,2.343864
-34.620424,-58.369674
-34.620424,-58.369674
39.39751,-76.600466
39.395114,-76.602344
48.859294,2.343864
51.503018,-0.204759
51.507886,-0.128336
51.511538,-0.119897
51.508373,-0.126366
51.499163,-0.162777
41.547018,-73.029749
58.20312,-6.379559
41.547018,-73.029749
-27.464499,153.009681
41.547018,-73.029749
41.547018,-73.029749
41.547018,-73.029749
41.547018,-73.029749
51.096272,-0.181446
48.852849,2.350285
59.671883,10.620775
43.801833,-91.252
58.261277,-6.139812
-12.608176,132.297363
60.393398,5.33178
60.390748,5.321009
60.394798,5.322682
41.334931,-72.90243
41.334931,-72.90243
25.790946,-80.133633
39.094514,-84.510312
39.905316,-75.166236
39.906888,-75.1666
48.840292,2.34977
48.852665,2.367634
36.859948,-75.978484
48.873832,2.295064
47.91939,106.917057
41.456911,2.057404
-33.8812,18.6357
-34.1644,18.8589
44.0,11.0
37.781298,-122.424774
37.781298,-122.424774
37.781298,-122.424774
47.512852,19.079754
39.45099,-76.587817
35.318346,24.325017
35.318346,24.325017
58.20312,-6.379559
-16.917238,145.773468
41.396899,2.169027
41.38943,2.18585
-34.1154,19.0352
-34.1154,19.0352
35.370015,24.230346
45.793262,24.150695
45.793262,24.150695
37.98331,23.745059
37.331795,-121.928758
45.793262,24.150695
37.781298,-122.424774
37.781298,-122.424774
58.476824,7.209606
-41.580717,145.935001
51.475395,-3.164577
36.101275,-115.172418
36.101821,-115.173352
18.32351,-65.765925
55.778672,-5.098857
39.938352,-75.157932
41.023297,28.990259
41.023297,28.990259
15.357362,44.201259
1.304513,103.821487
1.304513,103.821487
37.350611,-121.98252
37.350611,-121.98252
37.445255,-122.162904
42.349576,-71.099674
42.359213,-71.056855
42.350163,-71.076285
40.757875,-73.957128
55.857377,-5.094671
55.867413,-5.096282
55.933843,-5.179604
56.004972,-5.096484
41.119366,1.258863
44.980486,-93.269811
44.97745,-93.267182
38.67432,34.903135
35.658225,139.723901
51.228602,-1.062412
42.218359,-71.223286
17.226069,-89.612388
56.846093,-4.989787
40.735364,-73.990779
37.415981,-122.057418
37.415981,-122.057418
37.415981,-122.057418
37.415981,-122.057418
47.91939,106.917057
36.412303,25.42983
41.850303,-88.307204
40.748281,-73.84616
37.778516,-122.389841
37.778516,-122.389841
37.778516,-122.389841
37.778516,-122.389841
41.427604,2.177524
40.677448,43.65941
40.677448,43.65941
39.908814,41.328592
16.246155,-89.02256
17.226069,-89.612388
17.226069,-89.612388
16.246155,-89.02256
16.246155,-89.02256
16.095876,-88.806781
16.095876,-88.806781
16.570143,-88.356513
43.904857,-69.508041
48.859068,2.343177
48.42087,-123.369587
49.291545,-124.618778
54.433759,-124.259619
52.887363,-118.462829
50.086776,14.415607
50.089591,14.413402
52.919874,-118.001575
52.546295,-117.638854
51.327876,-116.182651
51.440312,-116.541595
51.421048,-117.477493
51.257188,-117.587356
49.28953,-123.110218
40.68272,-112.364044
44.976456,-110.722961
-33.900626,151.269378
49.101914,-117.707004
41.940243,-87.64414
41.940507,-87.640589
41.976194,-87.675683
41.925222,-87.634592
41.925222,-87.634592
37.796763,-122.428207
37.796763,-122.428207
37.796763,-122.428207
37.796763,-122.428207
37.796763,-122.428207
41.116663,1.258123
41.947577,-87.656264
38.34933,-75.070438
38.34933,-75.070438
38.34933,-75.070438
46.017946,7.739524
46.496974,7.675924
50.877206,6.025485
46.496974,7.675924
41.883408,-87.630262
51.511733,-0.125827
36.820278,138.946838
45.746443,4.822311
46.205022,7.821578
46.205022,7.821578
45.646268,25.592994
31.509007,-9.770665
31.509007,-9.770665
31.509007,-9.770665
40.709051,-74.010992
50.954365,6.975524
48.798722,9.192466
51.502358,-0.021843
40.7672,-73.976933
51.546581,-0.08384
40.418511,-3.71428
40.418511,-3.71428
40.418511,-3.71428
52.357243,4.882017
40.154277,26.407957
47.91939,106.917057
38.67432,34.903135
38.67432,34.903135
24.938747,-80.650634
24.938747,-80.650634
50.937607,6.977348
40.7369,-74.037063
48.871969,2.292623
48.852517,2.305412
52.370883,4.889259
51.546581,-0.08384
40.698096,-73.997163
52.370883,4.889259
40.704131,-73.990457
52.370883,4.889259
52.320441,4.90179
52.370883,4.889259
40.805948,-81.933889
52.370883,4.889259
42.006767,-87.668581
32.849271,-117.275598
22.220224,114.115591
38.039438,-119.520263
37.83975,-122.275428
37.83975,-122.275428
36.882916,-121.830139
51.121411,2.622985
36.591333,-121.96455
36.583606,-121.96721
43.953683,-86.469461
43.894552,-73.309793
44.125672,-73.17418
51.38994,-0.720462
48.834554,2.368412
40.729242,-73.993735
36.2333,117.11
40.765461,-73.978157
36.1924,117.125
40.765461,-73.978157
40.765461,-73.978157
43.090516,-79.067916
43.090516,-79.067916
41.882853,-87.630043
41.882853,-87.630043
41.882853,-87.630043
22.185338,113.537693
44.888715,-93.313407
32.849271,-117.275598
51.503613,-0.11909
55.68523,12.586727
55.68523,12.586727
22.270511,114.161682
33.078241,-116.602159
40.826978,-73.928461
40.826978,-73.928461
52.372559,4.896469
52.372559,4.896469
52.372559,4.896469
50.854942,4.350585
50.854942,4.350585
-25.499066,-54.621276
-25.499066,-54.621276
-25.499066,-54.621276
52.372559,4.896469
52.372559,4.896469
43.10399,-79.057617
40.736331,-73.997039
40.736331,-73.997039
40.736331,-73.997039
40.736331,-73.997039
37.350611,-121.98252
37.350611,-121.98252
46.504063,9.295806
42.269044,-71.800648
27.203342,77.983703
27.203342,77.983703
41.940507,-87.640589
26.920845,75.791759
26.920845,75.791759
27.717573,85.307464
40.891131,38.998203
50.43903,-3.579483
42.359059,-83.065411
43.947179,-69.461252
43.876968,-69.493374
43.875499,-69.468441
37.872549,32.491378
37.872549,32.491378
38.66038,34.805889
38.642953,34.831123
38.671304,34.839363
38.671304,34.839363
38.671304,34.839363
38.671304,34.839363
38.671304,34.839363
38.671304,34.839363
37.887183,27.448139
37.87404,27.262229
37.845037,27.110824
37.921654,29.124755
37.872549,32.491378
37.796763,-122.428207
37.796763,-122.428207
37.393754,-122.078983
37.393754,-122.078983
35.009752,135.736083
13.735383,100.500183
13.735383,100.500183
13.735383,100.500183
13.735383,100.500183
43.763291,-69.30754
50.484599,5.890045
56.157023,10.208787
56.157023,10.208787
50.484599,5.890045
50.484599,5.890045
56.157023,10.208787
50.484599,5.890045
50.484599,5.890045
50.484599,5.890045
50.484599,5.890045
50.484599,5.890045
51.522843,-0.097503
55.868599,-4.290461
37.352036,-122.004761
41.791793,-70.586472
41.791793,-70.586472
51.218282,3.22586
51.218282,3.22586
37.781298,-122.424774
48.973343,89.959659
37.781298,-122.424774
37.781298,-122.424774
48.973343,89.959659
39.87916,116.437032
39.880136,116.434736
48.973343,89.959659
39.953725,116.410231
49.608818,6.550941
37.078188,37.378234
37.160863,38.793411
37.715747,-119.677001
13.735299,100.499324
9.544551,100.045623
55.818258,-5.134735
28.592702,77.220553
28.595034,77.220973
41.860356,-87.633819
41.860356,-87.633819
41.860356,-87.633819
41.860356,-87.633819
40.033912,-105.24073
37.783316,-122.403659
34.065174,-5.000152
37.781298,-122.424774
37.781298,-122.424774
37.781298,-122.424774
31.624444,-8.002166
9.376241,99.94091
13.735299,100.499324
13.735299,100.499324
60.377302,6.720371
60.377302,6.720371
40.01529,-105.256104
41.888237,12.484288
36.85387,28.265504
36.85387,28.265504
36.85387,28.265504
55.836963,-4.475426
34.048392,-4.994659
35.316745,139.535723
41.884619,12.479889
35.660408,139.729239
34.048392,-4.994659
37.390618,-5.986175
37.390618,-5.986175
37.027773,-8.918838
38.571639,-7.910242
38.571639,-7.910242
38.608285,-7.932128
13.752432,100.487415
37.15156,-76.582088
37.15156,-76.582088
37.15156,-76.582088
37.15156,-76.582088
55.749723,37.624998
55.749723,37.624998
-34.39919,21.326351
46.522734,6.632744
43.1075,-79.072036
43.1075,-79.072036
55.832047,-4.473752
46.199279,7.075465
46.199279,7.075465
46.199279,7.075465
31.240306,121.486129
31.238095,121.486473
31.238095,121.486473
31.238095,121.486473
45.995832,7.342446
62.577859,11.392028
46.002618,7.326676
55.790014,-4.536495
46.032729,7.307592
40.731909,-74.010086
48.873973,2.293825
46.050615,7.183459
23.623136,32.780456
23.623136,32.780456
24.547123,32.958984
24.547123,32.958984
25.809781,32.607421
25.809781,32.607421
27.337614,33.826904
25.729318,-80.248517
41.746157,-73.932248
3.15997,101.709194
3.15997,101.709194
3.15997,101.709194
3.15997,101.709194
-19.570789,-65.750684
38.891099,-77.047762
28.553163,-81.416931
25.935817,-80.337524
3.15997,101.709194
3.15997,101.709194
3.15997,101.709194
13.011787,77.551152
34.147612,77.571716
51.556582,-0.153808
51.556582,-0.153808
51.556582,-0.153808
3.162455,101.686706
38.576588,-121.493731
38.576588,-121.493731
12.941802,77.567884
31.043521,-9.676208
48.859068,2.343177
48.859068,2.343177
48.859068,2.343177
48.859068,2.343177
48.859068,2.343177
40.856798,-73.874816
40.856798,-73.874816
40.74872,-73.986053
40.74872,-73.986053
46.041714,7.318256
55.780434,-5.104522
23.13073,-82.379264
49.750218,13.373794
41.890393,12.49197
41.890393,12.49197
-33.80939,18.924636
-17.922555,13.859147
8.625745,-77.34641
8.625745,-77.34641
41.890393,12.49197
40.261188,116.074676
39.903139,116.422301
34.800695,114.356174
39.919216,-75.145111
36.85387,28.265504
36.85387,28.265504
41.883572,-87.621889
41.383252,2.176491
41.383627,2.176119
47.059013,8.307037
42.703679,-71.130101
46.138316,7.57388
41.994137,-87.812004
46.138316,7.57388
40.825752,-74.10819
46.042806,7.338406
46.042806,7.338406
46.042806,7.338406
-33.950472,18.474913
-33.973511,18.469622
-33.973511,18.469622
-33.973511,18.469622
37.814123,-119.528503
37.814123,-119.528503
37.814123,-119.528503
37.814123,-119.528503
43.105267,-124.434564
43.105267,-124.434564
40.274287,-123.850936
51.121411,2.622985
37.392936,-5.992698
37.567031,126.980667
37.567031,126.980667
37.567031,126.980667
39.097428,-84.5072
39.097428,-84.5072
33.139851,78.129272
56.927835,-7.534046
45.180577,9.140689
45.180577,9.140689
45.180577,9.140689
57.002606,-7.422809
46.006873,7.279987
46.006873,7.279987
41.591639,-82.705136
36.746999,139.617004
35.316245,139.540786
34.394728,132.453575
34.394728,132.453575
34.288566,132.320365
35.012283,135.749473
41.593661,-82.709933
42.300594,-83.233848
42.300594,-83.233848
31.23971,121.486043
51.518998,-0.131835
51.518998,-0.131835
51.518998,-0.131835
51.518998,-0.131835
40.774886,-73.972513
40.747305,-74.035384
40.706018,-74.00176
40.706018,-74.00176
58.202872,-6.379451
58.313501,-6.739253
58.18989,-6.350097
41.451408,-96.491859
58.202872,-6.379451
58.202872,-6.379451
40.781955,-73.972223
58.202872,-6.379451
58.202872,-6.379451
39.911369,116.391233
39.881513,116.406722
39.877094,116.407841
39.93935,116.391841
41.292177,-96.100684
13.800772,100.551853
13.800772,100.551853
46.050615,7.183459
46.050615,7.183459
-32.840197,17.862027
57.987083,-6.755733
57.889991,-6.80397
58.206015,-6.381983
58.202872,-6.379451
58.398451,-6.498413
55.852577,-5.129413
55.791341,-5.041351
41.939621,-87.639763
55.847385,-4.424142
55.846018,-4.428477
41.403422,2.173802
38.736577,-109.499788
37.682733,-122.443313
37.682733,-122.443313
49.069183,10.319444
35.803039,-75.542399
35.303007,-75.513753
47.468258,11.12108
48.578183,13.470069
44.945239,-93.097329
44.945239,-93.097329
44.945239,-93.097329
46.009809,7.231385
50.919809,-2.937126
50.919809,-2.937126
39.94133,116.383666
39.94133,116.383666
39.94133,116.383666
39.94133,116.383666
39.94133,116.383666
39.94133,116.383666
39.94133,116.383666
39.94133,116.383666
25.678275,-80.27019
39.94133,116.383666
39.94133,116.383666
41.384907,2.177052
-24.657626,25.906963
47.236354,16.628494
47.258728,16.929244
55.939298,-4.766693
40.851215,14.241027
40.851215,14.241027
42.652268,18.079891
44.916217,-93.214037
44.94855,-93.202686
9.538203,100.072746
9.538203,100.072746
13.74989,100.494861
36.060756,120.328445
22.465609,114.236955
22.343089,114.173183
22.343089,114.173183
22.343089,114.173183
22.378571,114.236354
22.378571,114.236354
22.378571,114.236354
22.378571,114.236354
22.493526,114.04787
22.493526,114.04787
1.325021,103.823719
22.310061,114.252147
40.748557,14.47689
40.371528,49.851064
40.371266,49.840421
41.898699,12.481498
41.898699,12.481498
41.898699,12.481498
41.898699,12.481498
13.735383,100.500183
48.860818,2.29391
47.874619,6.784057
42.345001,-71.063024
57.994908,-6.866798
55.834686,-4.480533
47.823759,6.841392
30.663386,104.060869
1.249853,103.82698
1.405164,103.965167
1.405164,103.965167
1.328454,103.73497
1.328454,103.73497
42.015631,128.047885
34.681075,135.827579
34.681075,135.827579
34.681075,135.827579
35.001597,135.75634
35.001597,135.75634
35.001597,135.75634
38.369184,141.069602
36.328817,139.452896
35.449133,139.641895
35.680585,139.75708
35.680585,139.75708
26.063028,119.473657
30.250466,120.1373
30.250466,120.1373
30.250466,120.1373
26.214283,116.934099
31.303635,120.610399
26.214283,116.934099
2.861092,104.150991
2.820115,104.148588
1.343298,103.821573
30.663386,104.060869
30.931237,104.262056
31.004906,103.605794
30.663386,104.060869
30.663386,104.060869
30.931237,104.262056
30.931237,104.262056
31.004906,103.605794
29.523355,103.334913
32.736317,103.831186
33.219733,103.91015
33.162558,103.880453
33.162558,103.880453
33.069678,103.857965
47.315319,18.783531
47.097941,17.912864
55.846018,-4.428477
56.02218,39.976501
43.074875,-89.38425
57.98772,-6.831779
24.447696,118.067235
24.441679,118.110322
24.441679,118.110322
24.441679,118.110322
24.441679,118.110322
24.441679,118.110322
1.446436,103.724498
1.446436,103.724498
1.446436,103.724498
26.096563,119.288091
26.052464,119.278221
26.06696,119.315986
47.882276,6.779594
47.882276,6.779594
13.74989,100.494861
13.74989,100.494861
58.206546,-6.397154
34.954337,137.162418
58.18342,-6.593513
37.33281,-121.898825
42.36246,-71.084353
42.36246,-71.084353
44.908778,8.61371
41.883237,-87.652251
51.446386,-0.966147
37.318012,-121.950309
44.968039,-93.232448
44.968039,-93.232448
40.966159,117.934284
58.09666,-6.643123
58.116432,-6.617717
32.845269,-117.273988
32.845269,-117.273988
32.845269,-117.273988
36.498804,32.103939
34.013965,-118.80083
34.013965,-118.80083
44.494423,11.341581
49.69917,6.391296
49.69917,6.391296
49.69917,6.391296
49.69917,6.391296
42.36246,-71.084353
37.808554,-122.409871
37.808554,-122.409871
37.77891,-122.393156
37.803095,-122.400666
37.808554,-122.409871
37.807402,-122.410933
37.897783,-122.573626
49.785475,6.297912
49.785475,6.297912
51.497148,-0.204942
48.242167,16.42559
32.457704,111.001224
40.706246,-74.001781
40.706246,-74.001781
55.858593,-4.289271
29.738454,-95.397301
38.911681,-77.444418
38.911681,-77.444418
48.85887,2.293524
58.202872,-6.379451
57.895876,-6.36177
58.360133,-6.205043
58.358377,-6.243152
41.347304,-71.967487
58.202872,-6.379451
58.099858,-6.407132
42.850547,-72.558174
45.229085,13.605537
45.229085,13.605537
32.139426,-110.868691
42.36246,-71.084353
32.139426,-110.868691
56.041171,-4.987106
32.139426,-110.868691
31.241003,121.586015
31.242352,121.579685
31.242352,121.579685
31.242352,121.579685
35.685239,-121.168304
35.685239,-121.168304
32.139426,-110.868691
40.738673,-73.995494
40.738673,-73.995494
40.738673,-73.995494
58.208677,-6.391725
58.208027,-6.388335
58.208784,-6.389687
46.378216,7.630273
58.208434,-6.389515
56.034122,-4.983844
37.778792,-122.410156
45.669604,12.231903
58.208784,-6.389687
53.229056,-0.547943
53.229056,-0.547943
53.205621,-2.89627
52.96477,-1.16867
55.950064,-4.922733
26.701375,-80.189208
52.99278,-6.072864
52.99278,-6.072864
52.99278,-6.072864
50.657949,5.474624
22.293067,114.17387
27.707999,85.315704
50.607101,5.557751
42.572677,-0.552577
42.749029,-0.514469
50.609783,5.527088
50.605412,5.52844
55.845735,-4.420924
47.483499,19.073402
58.20814,-6.362006
46.048011,7.318108
46.048011,7.318108
44.417712,-72.020584
50.234414,106.20037
50.234414,106.20037
50.234414,106.20037
48.873039,2.771389
43.342408,17.814846
42.641409,18.109245
42.453987,18.536338
33.812047,-117.918748
45.210947,9.169378
53.227412,6.562786
39.667027,66.942787
39.667027,66.942787
46.101328,19.670333
55.847162,-4.392131
45.257247,19.853668
45.18705,9.157437
45.186574,9.157158
44.888111,-93.312232
29.718395,-95.3978
47.50433,19.059133
47.435809,19.265899
47.461696,19.149169
51.496402,-0.211336
45.439658,12.325973
45.439658,12.325973
45.439658,12.325973
45.439658,12.325973
45.439658,12.325973
45.439658,12.325973
45.439658,12.325973
40.742396,-73.997898
40.742396,-73.997898
40.742396,-73.997898
22.217046,113.844881
22.205762,113.856039
22.199246,114.1331
22.297593,114.286222
22.297593,114.286222
22.297593,114.286222
22.297593,114.286222
23.077047,112.472105
23.077047,112.472105
23.077047,112.472105
23.077047,112.472105
31.239623,121.497437
22.541891,113.935518
22.541891,113.935518
22.541891,113.935518
40.742396,-73.997898
22.541891,113.935518
22.541891,113.935518
22.541891,113.935518
40.742396,-73.997898
22.54197,113.931398
22.54197,113.931398
22.54197,113.931398
22.54197,113.931398
22.54197,113.931398
40.742396,-73.997898
40.742396,-73.997898
40.023292,-105.256158
40.021419,-105.263174
40.742396,-73.997898
40.742396,-73.997898
40.742396,-73.997898
40.742396,-73.997898
40.742396,-73.997898
47.692056,19.049756
40.742396,-73.997898
17.968282,102.609128
17.968282,102.609128
17.968282,102.609128
13.74989,100.494861
13.74989,100.494861
18.180512,104.486074
18.049582,104.559202
2.851662,104.152364
38.889596,-77.035403
30.609697,104.082841
12.653068,-7.987232
42.358246,-71.068485
13.738968,100.504474
45.433921,12.339212
45.446809,12.346487
13.738968,100.504474
13.738968,100.504474
26.859758,-80.103721
55.835192,-4.476177
13.738968,100.504474
34.055414,-118.249626
38.393338,69.31755
38.532053,68.536148
40.971797,-72.55944
51.059091,13.737716
51.059091,13.737716
59.334371,18.070106
59.334371,18.070106
33.886377,-115.802764
37.518576,-119.600815
37.726054,-119.573585
37.727649,-119.573682
33.886377,-115.802764
36.08906,-112.104492
43.767886,11.255278
46.034456,7.343308
30.65209,103.978815
30.65209,103.978815
30.65209,103.978815
30.65209,103.978815
30.643672,104.072885
30.650096,104.039411
30.609697,104.082841
30.609697,104.082841
37.487935,-110.698242
27.176316,78.04902
27.176316,78.04902
25.936434,80.81294
13.770064,100.515632
-18.547894,24.077224
36.434541,-116.965942
30.625135,104.100522
26.207198,116.92337
26.207198,116.92337
26.207198,116.92337
26.207198,116.92337
26.207198,116.92337
26.207198,116.92337
26.207198,116.92337
26.207198,116.92337
26.207198,116.92337
26.207198,116.92337
26.207198,116.92337
26.207198,116.92337
38.039438,-119.520263
37.951981,27.348833
37.951981,27.348833
39.904732,32.857789
36.882916,-121.830139
22.4169,114.309053
22.4169,114.309053
37.300275,-112.977905
40.706246,-74.001781
37.983107,23.722229
42.376101,-71.115843
31.106008,102.865934
31.106008,102.865934
41.392586,2.202844
38.714715,-9.134445
38.802794,-9.371337
38.894239,-9.326019
58.207066,-6.383743
58.210197,-6.394686
58.222449,-6.369752
40.960974,-5.663452
38.75328,-9.123115
43.380598,-8.400421
28.427335,-82.631607
29.595252,-81.184158
29.595252,-81.184158
51.507473,-0.127952
51.510131,-0.134775
51.508168,-0.098297
51.505163,-0.08038
51.437704,-0.213514
10.53853,-83.505277
10.53853,-83.505277
9.398258,-84.163255
22.271782,114.148979
22.271782,114.148979
39.924679,116.382722
39.92277,116.390275
39.92277,116.390275
39.916319,116.390361
29.53844,103.770847
29.53844,103.770847
29.53844,103.770847
29.53844,103.770847
51.513349,-0.158379
51.495946,-0.176247
22.361585,114.363212
30.659916,104.065074
30.659916,104.065074
51.196241,-1.781898
41.658409,-70.113668
16.941214,-89.890136
51.502264,-0.141481
41.939621,-87.639763
47.994287,11.340551
4.855627,-74.070596
47.994287,11.340551
41.951878,-87.641147
41.955708,-87.660298
41.49212,-71.315174
40.759074,-73.979852
26.714851,-80.03407
26.712915,-80.078315
26.712915,-80.078315
26.712915,-80.078315
26.712915,-80.078315
24.55817,-81.804521
24.55817,-81.804521
29.162355,-81.139526
26.982387,-80.084066
52.518636,13.375811
51.508061,-0.096484
44.915559,-93.210797
51.47061,-0.212302
-34.603258,-58.39817
46.619025,19.28667
37.310104,-121.87374
10.357644,106.367912
59.716858,30.393848
50.429573,30.555252
50.455235,30.519655
40.741014,-73.998413
40.741014,-73.998413
40.741014,-73.998413
40.741014,-73.998413
40.741014,-73.998413
40.741014,-73.998413
40.741014,-73.998413
40.741014,-73.998413
59.936784,30.302524
42.375392,-71.121765
42.361049,-71.067938
59.949337,30.313339
40.166412,44.291725
46.048421,7.305136
51.768158,-2.85387
47.190879,18.409309
46.108415,7.158605
51.501821,-0.140655
45.953275,7.15554
45.953275,7.15554
46.077134,7.006487
45.990555,7.245458
51.501821,-0.140655
15.878047,108.337898
15.878047,108.337898
15.878047,108.337898
42.355468,-71.066431
16.466871,107.581558
22.25391,114.203224
40.463992,116.604595
40.463992,116.604595
40.463992,116.604595
40.463992,116.604595
40.463992,116.604595
30.250466,120.1373
37.577099,126.99337
37.577099,126.99337
37.577099,126.99337
37.74262,127.04916
37.74262,127.04916
37.578596,126.976547
37.578596,126.976547
37.578596,126.976547
28.597936,77.19552
28.597936,77.19552
28.597936,77.19552
28.597936,77.19552
28.597936,77.19552
28.597936,77.19552
39.903036,116.449048
31.303635,120.610399
31.303635,120.610399
31.303635,120.610399
26.911967,75.788755
26.911967,75.788755
26.911967,75.788755
26.911967,75.788755
26.911967,75.788755
51.502612,-0.119562
27.205327,78.015031
27.205327,78.015031
47.494893,19.092178
49.58907,34.556637
51.5277,-0.132963
39.904732,32.857789
39.904732,32.857789
49.475876,34.380257
45.411707,11.888923
37.300163,-121.77647
39.44017,-120.23025
25.611035,-80.39679
36.97345,-122.02718
22.381833,114.27415
21.033397,105.850524
21.033397,105.850524
36.067139,120.325613
36.067139,120.325613
36.059507,120.356683
36.068388,120.35222
36.068388,120.35222
36.066445,120.33986
36.057842,120.331792
36.057495,120.333509
36.050625,120.345869
36.055066,120.363378
36.055066,120.363378
19.109568,-99.75809
19.109568,-99.75809
39.919668,116.390544
-34.584605,-58.404693
-49.087808,-72.902526
-49.087808,-72.902526
41.446329,-8.297166
41.149383,-8.610105
45.926319,6.867828
41.149383,-8.610105
43.115645,-2.625732
41.149383,-8.610105
41.149383,-8.610105
20.180287,-99.940567
37.599,-112.201995
37.599,-112.201995
36.5626,-118.613891
37.83975,-122.275428
37.83975,-122.275428
51.499459,-0.127705
51.453233,-2.597427
36.202174,-115.054321
36.202174,-115.054321
36.202174,-115.054321
47.714381,106.952934
39.916319,116.390361
39.916319,116.390361
39.916319,116.390361
39.916319,116.390361
39.998032,116.269211
39.998032,116.269211
22.297454,114.172539
34.68808,135.839852
39.881651,116.406283
31.236508,121.488103
31.226307,121.491193
22.532695,103.365211
37.895548,-122.123551
55.952141,-3.204472
13.434954,103.88925
55.981858,-3.178091
51.507519,0.028505
38.707536,-9.136447
42.880602,-8.545055
43.303136,-8.379747
43.386052,-8.408388
12.653068,-7.987232
-32.473008,19.276388
-32.514127,19.31323
23.182283,75.785763
39.91306,116.45688
37.736919,-25.50373
37.846663,-25.215339
37.763115,-25.341339
37.839072,-25.792121
-42.922617,-71.315002
22.287944,114.207644
22.287944,114.207644
22.287944,114.207644
22.287944,114.207644
22.24954,113.924703
22.255101,113.905992
22.255101,113.905992
22.283457,114.170136
22.283457,114.157991
22.45728,114.245195
22.497966,114.279527
31.238637,121.448364
25.807,118.836107
25.807,118.836107
25.807,118.836107
25.807,118.836107
25.807,118.836107
47.752482,106.243629
-41.198548,-71.312599
51.573278,-0.223867
42.384811,-71.086628
55.869255,-4.281857
45.434237,12.343182
45.431105,12.342882
50.870382,4.352753
12.925599,100.891571
55.857226,-4.282822
45.919806,7.098764
-16.328541,-71.596355
45.652208,13.772263
39.949527,-75.162491
49.843296,24.026412
47.101446,14.552764
41.426977,-84.551564
46.042735,4.074554
51.677026,-4.702148
58.189098,-6.376533
58.189098,-6.376533
58.202872,-6.379451
58.202872,-6.379451
58.202872,-6.379451
51.010588,4.490629
40.704468,-74.013825
40.08812,-88.19146
36.877422,-119.23599
36.877422,-119.23599
37.74737,-122.42168
49.475876,34.380257
37.300163,-121.77647
37.300163,-121.77647
36.72389,-118.95335
36.7371,-118.96593
42.32538,-83.451172
46.669667,-86.16038
38.91044,-77.440865
40.53445,-121.56876
-47.031934,-67.259674
30.627573,-96.33164
37.414345,-122.04613
55.857226,-4.282822
55.860121,-4.253321
37.414345,-122.04613
37.414345,-122.04613
39.44017,-120.23025
13.4327,103.880023
10.766953,106.702308
36.45843,-121.92146
36.74989,-118.83773
36.553776,-117.0401
30.051636,31.237993
30.051636,31.237993
38.13896,-122.23405
58.202872,-6.379451
58.202872,-6.379451
58.204285,-6.372027
58.202872,-6.379451
38.188816,-119.99902
37.715874,-119.6466
37.715874,-119.6466
37.30839,-121.8022
42.169003,-123.54675
42.169003,-123.54675
42.169003,-123.54675
42.938328,-122.09758
37.30839,-121.8022
37.8088,-122.42355
36.595135,-118.72169
36.78169,-118.63223
30.051636,31.237993
30.051636,31.237993
36.74989,-118.83773
36.78665,-118.66296
30.051636,31.237993
37.309013,-119.03068
36.851604,-118.95034
40.83422,-122.75927
40.83422,-122.75927
29.8984,31.193532
37.32557,-121.86358
29.929423,31.236963
36.422344,-116.84299
30.016192,31.205377
37.30839,-121.8022
36.157833,-115.15457
44.982133,-93.152003
44.982133,-93.152003
44.982133,-93.152003
44.982133,-93.152003
36.129,-112.03994
44.982133,-93.152003
45.127925,-93.137111
36.129,-112.03994
35.46359,-116.05033
30.016192,31.205377
37.310104,-121.87374
31.213021,29.946069
37.715874,-119.6466
36.591274,-121.91511
25.691502,32.634801
36.852153,35.347137
13.434954,103.88925
28.620692,77.192687
12.415118,-1.576538
46.467955,10.375857
44.884899,-93.313064
44.885461,-93.314132
25.076095,-77.361205
12.653068,-7.987232
12.653068,-7.987232
38.207027,-107.518043
-23.546363,-65.398178
19.457528,-96.961898
19.513521,-96.873321
25.728003,-80.26371
25.728003,-80.26371
12.653068,-7.987232
12.653068,-7.987232
12.653068,-7.987232
51.938814,-3.883752
47.377785,8.53945
35.68686,51.406059
35.68686,51.406059
41.403491,2.173345
38.616199,-109.619092
36.153053,-109.526309
35.326881,-112.875316
58.417268,-6.436271
58.420527,-6.440906
58.269178,-6.786031
58.202872,-6.379451
58.202872,-6.379451
58.18627,-6.367864
36.101093,-115.180749
58.199457,-6.384944
58.212566,-6.388185
58.202872,-6.379451
58.202872,-6.379451
35.68686,51.406059
35.68686,51.406059
35.68686,51.406059
35.68686,51.406059
13.434954,103.88925
51.501904,-0.129089
19.535358,-99.263631
19.535358,-99.263631
19.535358,-99.263631
36.460087,-116.871013
37.874175,-119.422073
37.874175,-119.422073
37.778804,-122.420053
37.778804,-122.420053
37.778804,-122.420053
47.609287,-122.342419
40.465313,-3.568091
34.036906,-118.67702
46.058091,7.000555
37.778804,-122.420053
40.720148,-74.00875
36.600817,-121.890392
34.136211,-118.351593
34.595981,-120.140819
34.595981,-120.140819
33.988206,-118.47536
36.372662,-121.903138
35.372814,-120.862827
33.803774,-117.920594
35.372814,-120.862827
52.370778,4.898185
33.803774,-117.920594
52.370778,4.898185
52.370778,4.898185
33.803774,-117.920594
33.803774,-117.920594
33.803774,-117.920594
33.803774,-117.920594
29.610028,52.534217
32.685511,-114.625511
40.409475,-3.705752
39.610978,-104.811029
32.685511,-114.625511
36.555343,-121.923201
36.959391,-122.018365
36.959391,-122.018365
36.959391,-122.018365
33.492994,-111.923196
37.806571,-122.440288
40.702187,-74.01457
37.805367,-122.456424
37.805367,-122.456424
37.807359,-122.46947
36.857583,-75.976928
26.210278,50.579767
26.210278,50.579767
35.985368,-111.960811
4.644867,-75.570487
41.371977,2.177782
57.629228,-6.333618
55.959194,-3.216247
36.618184,-121.901893
38.724358,-123.462982
29.76691,52.838401
22.275118,114.165973
58.202872,-6.379451
58.202872,-6.379451
58.202872,-6.379451
58.202872,-6.379451
58.202872,-6.379451
58.207914,-6.389622
58.209892,-6.396188
58.211209,-6.388421
58.202872,-6.379451
58.202872,-6.379451
58.189098,-6.376533
58.160334,-6.531543
58.165405,-6.551456
58.179347,-6.548709
36.038682,139.38105
19.416897,-155.27304
19.639597,-155.99265
19.639597,-155.99265
40.705603,-74.013304
44.461758,-93.183803
44.459354,-93.18022
51.491525,-0.219886
42.327141,-83.049945
42.327141,-83.049945
48.11511,-1.67138
48.11511,-1.67138
26.210278,50.579767
26.210278,50.579767
58.202872,-6.379451
58.202872,-6.379451
58.204149,-6.3628
17.383288,78.401763
17.382602,78.401597
58.501049,-6.272592
58.241518,-6.881046
58.257643,-6.881518
58.257643,-6.881518
58.257643,-6.881518
58.257643,-6.881518
58.257597,-6.872291
58.238446,-6.777276
58.26911,-6.792726
58.124183,-6.834011
58.208508,-6.38797
58.207914,-6.389622
58.250056,-6.342372
58.250056,-6.342372
58.250056,-6.342372
58.202872,-6.379451
58.202872,-6.379451
58.398608,-6.467041
58.398608,-6.467041
58.202872,-6.379451
17.452736,78.377819
17.361613,78.474661
17.360711,78.47445
4.648759,-75.577182
12.478649,106.024847
13.093356,103.831787
41.313511,-72.927353
33.441321,-118.492891
33.441321,-118.492891
33.441594,-118.497762
49.608624,6.126422
-24.689525,25.863876
-16.391954,-71.532669
50.36178,-4.454269
40.743135,-73.855065
52.517102,13.389383
12.653068,-7.987232
-29.276719,31.439883
51.662227,-2.309188
51.662227,-2.309188
47.91939,106.917057
47.91939,106.917057
47.91939,106.917057
26.919008,75.796737
52.524772,13.393878
34.022502,77.603302
10.254789,44.903526
34.022502,77.603302
34.022502,77.603302
34.022502,77.603302
34.022502,77.603302
34.022502,77.603302
34.022502,77.603302
34.022502,77.603302
31.39819,-7.635498
31.39819,-7.635498
31.39819,-7.635498
42.880681,-8.544616
42.880681,-8.544616
42.880681,-8.544616
42.880681,-8.544616
58.202872,-6.379451
58.202872,-6.379451
58.219827,-6.941385
58.217318,-6.392948
42.660481,-70.679694
42.660481,-70.679694
42.660481,-70.679694
42.660481,-70.679694
42.660481,-70.679694
42.660481,-70.679694
42.660481,-70.679694
42.514452,-8.814876
42.514452,-8.814876
43.280595,-8.210906
43.280595,-8.210906
42.431059,-8.643965
42.431059,-8.643965
43.366498,-8.401107
41.981505,2.818508
41.981505,2.818508
-32.477777,19.275755
21.953235,-78.728027
21.953235,-78.728027
21.953235,-78.728027
21.953235,-78.728027
21.953235,-78.728027
21.953235,-78.728027
21.953235,-78.728027
21.953235,-78.728027
21.953235,-78.728027
21.953235,-78.728027
38.711165,-9.134488
38.789482,-9.493474
17.334908,-88.643188
17.334908,-88.643188
17.334908,-88.643188
17.334908,-88.643188
17.334908,-88.643188
17.334908,-88.643188
23.021604,-82.210006
40.736608,-74.009372
36.754702,139.603872
41.031104,-3.625268
10.437844,45.005836
20.749853,-99.94606
46.079887,7.270385
48.893488,2.242541
58.875664,5.721881
12.653068,-7.987232
29.927564,31.157312
27.581861,89.862869
27.637816,89.816383
13.443636,99.983224
43.694066,7.254838
39.803425,-5.173015
50.955182,1.838836
50.843725,4.356079
11.252153,-85.872745
42.009573,-72.131252
1.291899,103.859167
1.285035,103.854532
1.318414,103.842687
39.994654,116.259341
42.632834,-70.779076
34.052374,-84.289684
13.760561,100.494604
42.576469,-1.082668
58.202872,-6.379451
45.701503,9.673976
58.202872,-6.379451
58.202872,-6.379451
43.009558,-1.320161
43.323538,-1.98522
58.202872,-6.379451
58.202872,-6.379451
41.261388,-2.176022
58.202872,-6.379451
58.202872,-6.379451
58.202872,-6.379451
58.202872,-6.379451
58.202872,-6.379451
58.208321,-6.38915
58.202872,-6.379451
42.497684,-1.215491
58.202713,-6.38164
42.497684,-1.215491
58.202713,-6.38164
58.202713,-6.38164
42.497684,-1.215491
52.520869,13.398503
52.520869,13.398503
40.671003,-4.012241
47.615074,15.179328
55.778745,-5.104351
27.471488,89.637827
42.367803,-71.076221
20.749853,-99.94606
20.180287,-99.940567
46.225458,7.420274
46.225458,7.420274
27.503294,89.320805
56.627153,-4.770812
38.698028,-9.206156
56.846578,-4.990882
41.403624,2.174247
41.403624,2.174247
45.438288,12.347506
45.440697,12.333977
45.4342,12.339491
45.43397,12.339524
45.431696,12.333945
45.431696,12.333945
45.439119,12.334202
45.434776,12.343515
45.434776,12.343515
41.403624,2.174247
60.158934,-44.145812
-37.816395,144.966831
45.464179,9.189377
63.432736,10.418128
51.867323,-2.246661
46.868641,10.884017
46.868641,10.884017
46.868641,10.884017
23.021604,-82.210006
22.407933,-79.955062
22.407933,-79.955062
23.021604,-82.210006
23.021604,-82.210006
40.41935,-3.693044
33.467893,-84.75038
59.911491,10.733397
38.930103,-77.050552
59.915569,10.73685
51.251494,0.628495
59.910775,10.731888
37.83148,73.33374
59.927586,10.699055
59.963794,10.665555
49.341342,-123.01546
49.34411,-123.018078
53.306339,-6.441485
53.306339,-6.441485
22.283537,114.161682
59.103945,5.592985
52.52207,13.394522
47.744056,16.015663
51.117559,16.9701
51.279279,1.084706
39.762416,-89.606122
52.016513,-9.635663
51.972897,-9.579411
52.057986,-9.507952
47.91939,106.917057
41.42252,-72.899608
53.353778,-6.25916
45.441826,10.688838
45.441826,10.688838
45.444114,10.987873
53.370796,-6.210172
5.0181,-73.991546
50.244131,19.0242
-20.322333,-66.909999
-22.360236,-67.681274
40.399061,-3.691725
48.853547,2.348188
43.116272,6.242294
41.85326,-87.612276
41.85326,-87.612276
41.85326,-87.612276
47.519196,19.080301
11.598431,104.902954
11.598431,104.902954
40.032806,116.254663
11.598431,104.902954
11.598431,104.902954
11.598431,104.902954
13.475105,103.842773
10.780528,106.660423
10.780528,106.660423
10.780528,106.660423
13.756726,100.516662
13.756726,100.516662
46.862069,-121.69281
46.862069,-121.69281
46.326542,9.423437
49.612489,6.12801
46.257745,-122.21466
47.665387,-122.387695
47.665387,-122.387695
47.665387,-122.387695
42.36108,-71.064376
40.780923,-73.973962
34.057779,-118.249969
34.057779,-118.249969
52.380629,4.86145
52.380629,4.86145
59.441409,24.739151
60.172,24.93124
60.172,24.93124
52.20397,0.11704
52.203826,0.115302
42.51007,18.665084
51.112629,17.017478
25.038715,121.56063
38.896911,-119.961175
41.336735,-72.91038
41.846515,-87.97652
52.508045,13.367185
53.897056,27.544612
47.457808,13.609313
47.620975,15.167827
42.256475,-70.800704
53.342968,-7.053565
35.301536,10.708236
15.689319,43.58757
-25.585801,130.547103
13.367241,103.849983
13.367241,103.849983
11.567489,104.934539
-22.437686,166.788253
-23.295594,151.713638
-23.295594,151.713638
-23.295594,151.713638
20.97819,-89.616422
20.853357,-90.37568
20.853357,-90.37568
20.597436,-88.555812
20.597436,-88.555812
27.566721,29.132995
25.715786,32.621154
24.134221,32.923278
28.07198,34.072036
30.312727,35.431251
30.312727,35.431251
33.795126,37.692718
39.529598,26.943111
39.529598,26.943111
59.33459,18.040924
39.762102,19.99134
52.441296,13.317832
59.940567,30.320892
59.940567,30.320892
55.751849,37.621994
20.736208,106.878433
37.759451,-122.458591
59.940567,30.320892
60.168371,24.931325
51.503132,-0.126256
49.297703,-123.130474
47.651238,-122.351238
5.548842,-0.187625
42.393037,-71.105811
50.067717,19.923706
37.75068,-92.124073
37.684109,-92.155337
55.601675,-2.74332
37.692853,-92.166409
39.908616,116.44937
46.053876,7.189828
39.981773,116.384353
38.317434,-84.304103
41.939637,-87.653367
41.39166,2.164902
51.27967,1.08306
38.73318,-84.098217
6.718483,-1.60263
43.773983,11.246041
39.470336,-76.60195
52.51004,13.387259
52.51004,13.387259
41.142337,-73.236408
40.398463,-3.655872
40.398463,-3.655872
41.401149,2.163276
41.401149,2.163276
30.248279,-97.751669
30.248279,-97.751669
10.541652,-66.929054
10.541652,-66.929054
35.759746,-79.353733
46.112958,7.495497
46.112958,7.495497
46.112958,7.495497
41.383377,2.175121
43.786183,-99.338507
41.383683,2.174879
35.562329,139.714505
40.42962,116.56597
47.113034,7.08132
41.940467,-87.645449
48.859745,2.294232
50.717927,4.399681
41.797055,13.216295
41.797055,13.216295
35.828739,10.632877
30.65209,30.50354
39.199868,-76.59316
38.103714,-77.290792
41.383377,2.175121
47.619702,-122.509918
39.937908,116.398086
39.937908,116.398086
39.937908,116.398086
39.937908,116.398086
39.937908,116.398086
39.937908,116.398086
39.937908,116.398086
39.937908,116.398086
41.296832,-72.945699
49.283322,-123.120174
38.5605,-75.0571
38.5605,-75.0571
38.5605,-75.0571
55.652922,12.078955
55.6796,12.572277
39.937908,116.398086
39.937908,116.398086
39.937908,116.398086
24.44418,118.061399
24.44418,118.061399
30.246314,120.101766
30.191208,120.083742
31.730503,119.29985
53.04369,-2.987895
49.28953,-123.144979
49.28953,-123.144979
26.023159,119.256162
26.075595,119.277105
26.075595,119.277105
26.031103,119.270153
37.782383,-122.42031
37.782383,-122.42031
37.782383,-122.42031
37.782383,-122.42031
37.782383,-122.42031
37.782383,-122.42031
51.751736,-1.261968
37.300163,-121.77647
51.644335,-2.677059
51.819486,-3.017582
48.849016,2.356567
51.754266,-1.256191
39.937908,116.398086
39.937908,116.398086
39.91283,116.456623
15.260918,-89.014148
20.215247,-87.430572
20.681453,-88.569545
8.668427,-80.387306
9.738497,-82.84069
-12.10378,-74.586181
-13.524847,-71.973323
-13.513748,-71.980018
-13.494135,-71.989974
-13.503149,-71.993923
-13.507823,-71.98637
-13.166996,-72.545471
-12.594103,-69.067783
-12.611861,-69.037227
-12.611861,-69.037227
-12.611861,-69.037227
41.857287,-87.656478
41.857287,-87.656478
41.857287,-87.656478
41.857287,-87.656478
41.857287,-87.656478
41.857287,-87.656478
-33.442471,-70.638313
41.857287,-87.656478
41.857287,-87.656478
17.226151,-89.612216
17.226151,-89.612216
17.226151,-89.612216
17.226151,-89.612216
17.226151,-89.612216
17.481426,-91.994533
9.738497,-82.84069
10.471776,-84.64468
31.628098,-8.036928
31.628098,-8.036928
38.5605,-75.0571
38.5605,-75.0571
59.033135,8.637313
47.655473,-122.293839
28.032026,-80.687042
41.306181,-72.962951
31.77298,35.224914
31.77298,35.224914
40.76065,-73.975903
50.506262,16.749386
42.906526,-5.55831
42.907241,-5.561936
22.297593,114.286222
22.297593,114.286222
51.062921,17.085413
22.297593,114.286222
48.874341,2.293943
59.028189,8.670272
14.833633,-89.145641
41.925222,-87.634592
35.521425,-111.372699
35.521425,-111.372699
8.971219,-79.530887
8.971219,-79.530887
8.971219,-79.530887
20.681453,-88.569545
20.681453,-88.569545
20.681453,-88.569545
20.681453,-88.569545
44.30226,9.212894
44.335314,9.208559
41.391652,2.16473
20.491587,-87.72377
20.617682,-89.452743
19.850039,-90.532665
19.719524,-90.009613
55.857021,-4.274325
40.29976,-105.639746
49.294113,-123.139475
-25.348757,26.547775
40.796462,-73.962192
40.798476,-73.961162
35.665752,139.760717
47.91939,106.917057
-34.019247,19.609408
-34.02425,19.614908
51.513823,-0.100657
19.531156,-96.921901
19.531156,-96.921901
20.448728,-97.323589
20.431195,-97.381954
39.993429,116.262817
22.771907,-102.576427
22.457439,-102.821903
22.457439,-102.821903
30.267592,-97.76257
12.607003,-70.055952
12.607003,-70.055952
12.539482,-70.070672
12.539482,-70.070672
40.417547,-74.105787
20.444712,-86.994161
20.444712,-86.994161
20.444712,-86.994161
20.444712,-86.994161
40.740721,-74.002189
9.313484,-79.845972
51.054654,13.734583
9.313484,-79.845972
9.274097,-79.921331
9.274097,-79.921331
9.274097,-79.921331
12.51774,-70.040722
48.870374,2.391918
51.130138,1.321363
20.481959,-86.975508
20.481959,-86.975508
20.481959,-86.975508
47.76118,11.570963
41.7932,-88.01053
51.483534,-0.604902
41.686261,-87.995692
41.512369,-87.966156
41.512369,-87.966156
41.451408,-96.491859
41.451408,-96.491859
40.668326,-73.964901
50.339551,7.543337
36.157833,-115.15457
36.157833,-115.15457
52.108771,16.111192
52.108771,16.111192
52.108771,16.111192
52.108771,16.111192
52.108771,16.111192
52.108771,16.111192
52.108771,16.111192
45.46527,9.189924
45.464329,9.191039
39.399494,-76.604344
45.70486,9.380264
-34.609758,-58.411216
-34.609758,-58.411216
-34.609758,-58.411216
-34.609758,-58.411216
-34.609758,-58.411216
-34.609758,-58.411216
-34.609758,-58.411216
-34.609758,-58.411216
-34.609758,-58.411216
-34.609758,-58.411216
45.436774,12.326182
31.77298,35.224914
40.542112,14.252185
31.77298,35.224914
45.456382,12.356389
37.214506,-7.410321
37.214506,-7.410321
-34.609758,-58.411216
-34.609758,-58.411216
-34.609758,-58.411216
-23.248128,16.559486
42.04711,-70.650823
49.242328,-123.11335
49.242328,-123.11335
-21.768586,13.956069
37.389024,-5.994071
37.389024,-5.994071
37.389024,-5.994071
38.8494,121.391544
39.923165,116.402549
39.923165,116.402549
39.923165,116.402549
39.923165,116.402549
39.923165,116.402549
39.923165,116.402549
39.923165,116.402549
39.923165,116.402549
39.923165,116.402549
-33.656922,23.122819
34.272254,108.896656
31.235701,121.46862
31.235701,121.46862
31.235701,121.46862
31.235701,121.46862
-33.527813,22.251491
39.923165,116.402549
39.923165,116.402549
35.012845,135.748786
35.012845,135.748786
35.311483,139.549541
60.169695,24.965057
-4.219137,-69.938964
-19.180759,15.922107
-19.151654,15.096588
48.865575,2.361803
44.456482,-93.160414
38.8494,121.391544
38.785535,121.141777
53.052467,-3.0049
40.716053,-73.996052
45.785519,126.594986
42.352557,-71.11058
44.656565,21.850433
49.269341,-123.169816
33.622195,-100.836982
49.272001,-123.169001
45.778179,126.660432
45.778179,126.660432
32.347627,34.85361
32.501871,34.892749
32.501871,34.892749
32.501871,34.892749
43.787949,125.446186
43.787949,125.446186
43.787949,125.446186
43.787949,125.446186
52.105384,16.115269
42.358115,-71.060197
36.48936,101.56641
31.223077,121.488876
53.191578,-2.894629
31.223077,121.488876
31.223077,121.488876
31.223077,121.488876
41.91173,-87.628959
53.191279,-2.894114
53.190613,-2.894822
40.76785,-73.971483
53.192458,-2.883567
12.515268,-70.031061
36.83869,10.230846
47.778299,19.127497
36.844254,10.219087
36.404152,10.599746
64.131581,-21.913604
64.131581,-21.913604
64.131581,-21.913604
47.451076,12.386913
46.206566,6.14685
41.881431,-87.623777
9.303405,-79.986991
9.303405,-79.986991
47.389168,12.63565
47.389168,12.63565
37.427484,-122.170618
40.728327,-73.979036
-6.160694,106.824874
47.393236,12.638053
47.393236,12.638053
47.393236,12.638053
47.393236,12.638053
34.945895,32.418937
34.945895,32.418937
34.945895,32.418937
31.776683,35.23428
31.776829,35.233368
31.776683,35.23428
51.118071,16.998682
50.244131,19.0242
50.244131,19.0242
51.127471,16.952977
51.127067,16.982545
31.58323,74.323602
31.583094,74.323247
51.135685,17.002801
51.110473,16.945638
34.937663,32.86354
34.937874,32.86663
34.937874,32.86663
22.254932,113.905928
33.748036,-84.371362
32.704327,35.302162
51.098159,17.038078
51.098159,17.038078
64.289015,-20.367279
70.396292,31.102294
55.845403,-4.419507
55.845518,-4.423445
31.704145,35.219421
25.073471,-77.327785
25.073471,-77.327785
25.073471,-77.327785
32.717471,35.301647
61.503661,23.74566
35.687574,-105.938372
51.499483,-0.128585
51.505203,-0.092536
38.050253,29.075317
38.054579,29.111022
38.63645,34.911632
37.981009,23.735961
13.724085,100.392208
31.77817,35.229763
32.821758,35.180454
31.778015,35.235278
41.272815,-73.296822
-37.814666,144.954986
-8.524069,115.259628
49.291349,-123.127512
-8.527804,115.264949
32.501365,35.50249
38.3964,-85.758232
22.209656,114.027185
32.501365,35.50249
32.501365,35.50249
48.854956,2.312471
35.340404,25.131568
41.391567,2.164869
-8.522286,115.264606
-8.522286,115.264606
37.981009,23.735961
37.981009,23.735961
37.981009,23.735961
37.973026,23.731327
37.973026,23.731327
-8.522456,115.25053
-8.797546,115.23199
41.771359,-73.93059
37.975639,23.721392
-8.51974,115.259799
-8.522456,115.25053
37.969453,23.729352
41.913403,-87.626727
41.88864,-87.639559
38.623521,-90.204405
54.611199,18.800954
44.934425,9.672775
44.934425,9.672775
48.873649,2.294887
51.552746,-3.577959
37.786613,-122.4031
54.609223,18.797907
41.767238,-73.935332
45.516571,-122.674198
37.047933,-122.016692
50.941271,6.956588
41.907898,12.492828
41.907898,12.492828
41.907898,12.492828
41.907898,12.492828
42.840541,12.350006
-33.862469,151.210069
-33.862469,151.210069
-33.862469,151.210069
-33.862469,151.210069
-25.347283,131.055049
-25.347283,131.055049
-25.347283,131.055049
-14.666716,145.448513
48.884867,2.342507
48.886151,2.34315
48.855298,2.312461
48.858249,2.294672
48.858249,2.294672
45.838188,9.076595
48.861644,2.333596
48.858249,2.294672
48.873039,2.771389
48.804545,2.121423
48.804545,2.121423
51.518998,-0.137329
48.804545,2.121423
48.860698,2.393729
34.714101,135.239982
48.873811,2.295042
48.873039,2.771389
48.860698,2.393729
48.860698,2.393729
51.098159,17.038078
36.065673,-112.11713
50.541662,-4.937839
62.118175,6.103076
18.422222,-68.890083
3.154399,101.709537
49.311218,-123.152017
22.545527,114.09909
47.780866,-121.571445
47.780866,-121.571445
47.780866,-121.571445
47.780866,-121.571445
52.503814,13.276655
20.775324,-156.536121
20.599726,-156.42261
20.877353,-156.681303
20.886059,-156.685391
20.886059,-156.685391
31.280898,121.518402
20.864586,-156.167736
20.827042,-156.094758
20.790491,-156.00161
48.101011,-66.118726
20.788731,-156.003531
20.789052,-156.004464
20.752707,-155.981655
20.881077,-156.545133
20.881077,-156.545133
20.894824,-156.478636
20.881077,-156.545133
20.937567,-156.692719
20.818864,-156.653022
51.869184,8.917154
20.763176,-156.600837
20.632221,-156.496295
50.444824,-5.044484
21.007714,-156.655941
34.68404,135.499534
21.017223,-156.639504
20.972089,-156.679651
45.821143,-91.007996
20.921348,-156.694264
20.919675,-156.696292
20.744214,-156.22845
20.744214,-156.22845
20.972089,-156.679651
20.972089,-156.679651
20.972089,-156.679651
-22.995414,-43.238539
61.496952,23.748192
43.070376,-89.412102
40.749699,-73.988306
44.038591,-91.63383
44.038591,-91.63383
51.12203,16.984949
51.12203,16.984949
-22.971156,-43.183264
43.464787,11.884267
37.784757,-122.407715
37.806448,-122.422295
37.806579,-122.422993
37.803574,-122.401288
37.806906,-122.425568
37.81083,-122.411191
37.798348,-122.396686
51.116131,17.121119
51.148067,-2.715527
51.145708,-2.717115
39.915134,116.392078
39.915134,116.392078
52.522553,13.391411
52.521091,13.386991
37.989208,23.730779
37.987673,23.73034
48.852545,2.351374
50.252912,19.025573
40.747037,-73.944323
38.889283,-77.049511
40.709051,-74.010992
38.888644,-77.03242
36.68264,-121.80306
38.896343,-77.03654
27.716661,85.308666
37.975944,23.723645
43.936982,12.446351
27.716661,85.308666
35.693668,139.702014
48.808502,2.112121
29.760642,-95.376777
48.808502,2.112121
48.808502,2.112121
35.707614,-114.824638
31.312554,-92.447183
45.00208,-1.202359
40.766566,-73.973522
36.690721,-6.125907
41.846874,-87.683097
36.690721,-6.125907
36.690721,-6.125907
36.690721,-6.125907
37.889215,-4.786949
37.889215,-4.786949
36.790178,-104.416723
40.400473,-105.84958
39.135586,117.204122
22.285254,114.159262
63.461095,11.119794
47.649879,-122.349951
40.761174,-73.977019
48.859428,2.336829
41.902524,12.520766
48.422166,-123.370499
51.187359,-115.522141
59.041525,-137.048435
1.286665,103.838653
51.490761,-0.128116
40.752483,-73.982019
26.031103,119.270153
40.77331,-73.983741
44.898833,-93.147166
64.310232,-20.303077
47.445097,14.896259
46.034456,7.343308
39.288193,-76.625851
25.807,118.836107
55.92307,-5.153617
41.383095,-72.987853
41.383095,-72.987853
41.887598,-87.626395
47.540846,-122.481937
47.605034,-122.340059
-33.940916,18.374647
35.599217,-97.66704
48.052783,-123.795447
35.599217,-97.66704
40.573108,-73.980833
40.573108,-73.980833
41.48414,-72.342041
63.973411,-19.04719
-32.059009,115.744614
-32.059009,115.744614
48.238565,16.401643
-32.059009,115.744614
1.286665,103.838653
27.465632,88.206481
64.71733,-18.055343
50.252912,19.025573
55.845831,-4.434356
60.473591,22.003555
21.365089,-157.942478
42.285294,-71.610636
43.727731,7.414805
43.035144,144.327564
65.374491,-22.919197
39.462571,-0.325641
41.308901,-72.925636
48.431193,15.746669
39.356533,8.966388
45.391579,-92.661094
35.630651,139.785146
35.736341,139.799051
35.736341,139.799051
35.630651,139.785146
44.885309,-93.313064
44.886647,-93.311798
59.433357,24.751038
35.392408,139.53967
45.646485,2.748652
43.318824,11.331131
34.179713,135.616865
43.318824,11.331131
34.179713,135.616865
34.179713,135.616865
34.179713,135.616865
23.121653,-81.347064
23.121653,-81.347064
23.121653,-81.347064
23.121653,-81.347064
23.121653,-81.347064
50.794651,-1.107902
23.121653,-81.347064
48.912572,2.334594
40.573955,-73.973988
48.912572,2.334594
36.746982,-81.537995
36.746982,-81.537995
36.884546,-81.525002
45.436406,12.326488
40.763316,-73.978929
40.763316,-73.978929
40.763316,-73.978929
48.866521,2.329101
48.866521,2.329101
48.866521,2.329101
48.866521,2.329101
48.866521,2.329101
48.866521,2.329101
48.851924,2.352018
48.853138,2.348842
48.809124,2.110576
48.815115,2.107229
48.858207,2.337298
48.855679,2.287302
48.422764,-123.344278
49.285387,-123.122062
55.747888,37.632293
43.771744,11.26252
28.940861,85.242919
1.286665,103.838653
22.2885,114.23747
22.2885,114.23747
22.2885,114.23747
48.900809,2.097916
1.286665,103.838653
1.286665,103.838653
1.286665,103.838653
41.314692,-71.846122
13.74632,100.492544
46.373701,14.145069
46.373701,14.145069
48.648533,-2.026269
41.949013,-87.654713
51.490758,-0.126913
37.745806,-119.532054
37.746353,-119.530788
39.990667,-105.293784
1.286665,103.838653
40.753661,-73.98719
41.873843,-88.309521
5.63435,-73.569173
40.792559,-73.95215
5.63435,-73.569173
52.304109,7.168042
52.352275,7.541341
27.670108,85.427739
51.514725,-0.133209
-25.354342,131.046295
-25.354342,131.046295
42.349648,-71.040537
1.302625,103.849124
50.962548,6.976307
55.755665,-4.922733
55.755665,-4.922733
39.263355,-76.566955
39.315125,-76.626438
39.178841,-76.669425
27.434708,88.263473
37.810868,-122.47713
62.139957,6.074967
41.24837,-72.903127
50.915304,16.435353
50.915304,16.435353
62.189077,6.095138
43.950849,4.80728
42.351404,-71.037109
45.495157,6.675138
51.464609,-3.164598
40.681278,-73.990776
-34.033855,22.99233
49.785974,103.388557
49.785974,103.388557
49.785974,103.388557
49.035617,104.066791
62.037711,6.41138
50.851908,4.349212
43.348151,11.510925
43.348151,11.510925
50.851908,4.349212
50.851908,4.349212
45.429197,12.327432
51.172831,-115.571622
43.175075,16.432285
53.359413,-6.178607
50.017446,19.238433
50.997714,5.40199
49.779047,20.048675
49.779047,20.048675
59.943684,30.305914
51.100301,16.952977
51.107024,16.959285
51.107024,16.959285
47.763099,-123.833084
40.700015,-74.015321
40.757826,-73.985688
39.20383,-76.591319
36.057694,-112.136614
40.706656,-74.009935
40.743526,-74.035674
40.827461,-73.926744
45.437249,12.32769
39.203341,-76.591933
40.752897,-73.803083
51.107024,16.959285
51.107024,16.959285
40.747586,14.484207
47.655212,-124.387207
42.543406,-6.586239
15.39568,-61.333236
14.65426,40.98278
11.582624,43.143997
45.433691,12.322422
48.863811,2.333221
48.863811,2.333221
43.0803,-79.0765
45.442127,-73.603165
45.428577,-73.593895
51.682158,-1.786313
51.107024,16.959285
-32.057554,115.742855
51.682158,-1.786313
14.589314,120.975522
41.948219,-87.656092
43.009793,-88.378658
41.948219,-87.656092
33.522792,36.309814
43.009793,-88.378658
22.284966,114.174041
47.495955,19.04823
19.413497,-99.151611
-31.896214,115.750579
9.562326,44.067363
43.009793,-88.378658
56.230088,-5.075683
-54.786334,-68.308954
59.320543,18.073893
42.640967,18.110511
59.320543,18.073893
59.320543,18.073893
38.8985,-77.0275
38.8985,-77.0275
13.729379,100.505676
49.621943,19.971685
36.820278,138.946838
36.820278,138.946838
39.397726,-76.597608
49.597095,19.93467
40.721428,-73.957343
50.434985,30.515556
28.470035,-81.469663
28.470035,-81.469663
28.475198,-81.469502
28.192971,-81.146993
45.423877,-75.699105
45.441626,12.330801
51.276736,30.23652
45.423877,-75.699105
40.574913,-73.984744
40.623643,-74.028056
40.574754,-73.984079
51.276736,30.23652
51.276736,30.23652
51.276736,30.23652
19.84681,-90.530776
51.682337,-1.78659
51.682337,-1.78659
32.177297,-104.44038
32.177297,-104.44038
32.177297,-104.44038
35.025498,135.719604
35.025498,135.719604
48.86494,2.346954
48.86494,2.346954
41.395354,2.169113
41.395354,2.169113
22.254168,113.904662
53.549608,9.953677
52.516442,13.393943
13.008571,-61.268005
59.939321,30.309991
40.800263,-73.949146
32.759562,-117.180175
32.759562,-117.180175
12.500541,-70.01059
12.564004,-70.051864
51.682462,-1.78633
51.682462,-1.78633
